{
	"__META_DATA": {
		"TABLE_NAME": "KASH_OPERATIONS_MAIN",
		"PK_COL_NAME_FOR_UPDATE": "SOW_ID",
		"FEEDBACK_COL_NAMES" : "SOW_ID"
	},

	"__COLUMN_MAPPING": {
		"SowId"  :  "SOW_ID",
		"CompanyName"  :  "COMPANY_NAME",
		"CompanyId"  :  "COMPANY_ID",
		"ProjectCategory"  :  "PROJECT_CATEGORY",
		"OriginalStartDate"  :  "ORIGINAL_START_DATE",
		"OriginalEndDate"  :  "ORIGINAL_END_DATE",
		"TotalProjectedHours"  :  "TOTAL_PROJECTED_HOURS",
		"ProjectPrimaryContact"  :  "PROJECT_PRIMARY_CONTACT",
		"CurrentStatus"  :  "CURRENT_STATUS",
		"ClientLocation"  :  "CLIENT_LOCATION",
		"CompanyPrimaryContact"  :  "COMPANY_PRIMARY_CONTACT"
	}
}