{
	"__META_DATA": {
		"TABLE_NAME": "KASH_OPERATIONS_COMPANY_TABLE",
		"PK_COL_NAME_FOR_UPDATE": "COMPANY_ID",
		"FEEDBACK_COL_NAMES" : "COMPANY_ID"
	},

	"__COLUMN_MAPPING": {
		"CompanyId"  :  "COMPANY_ID",
		"CompanyName"  :  "COMPANY_NAME",
		"CompanyLocationCity"  :  "COMPANY_LOCATION_CITY",
		"CompanyLocationState"  :  "COMPANY_LOCATION_STATE",
		"CompanyLocationCountry"  :  "COMPANY_LOCATION_COUNTRY",
		"CompanyAddress"  :  "COMPANY_ADDRESS",
		"CompanyZipCode"  :  "COMPANY_ZIP_CODE",
		"ExternalUsername"  :  "EXTERNAL_USERNAME"
	}
}