{
	"__META_DATA": {
		"query.key": "projectsByCompanyId.data",
		"query.params": ["request.CompanyId"],
		"PK_COL_NAME_FOR_UPDATE": "SOW_ID",
		"FEEDBACK_COL_NAMES" : "SOW_ID"
	},

	"__COLUMN_MAPPING": {
		"SOW_ID"  :  "SowId",
		"COMPANY_ID"  :  "CompanyId",
		"PROJECT_CATEGORY"  :  "ProjectCategory",
		"ORIGINAL_START_DATE"  :  "OriginalStartDate",
		"ORIGINAL_END_DATE"  :  "OriginalEndDate",
		"TOTAL_PROJECTED_HOURS"  :  "TotalProjectedHours",
		"CURRENT_STATUS"  :  "CurrentStatus"
	}
}