{"columns":[{"name":"PERIOD_START_DATE","width":"13","type":"date"},{"name":"BILLABLE","width":"50","type":"varchar"},{"name":"NON_BILLABLE_REASON","width":"50","type":"varchar"},{"name":"MONDAY_HOURS","width":"4","type":"numeric"},{"name":"TUESDAY_HOURS","width":"4","type":"numeric"},{"name":"WEDNESDAY_HOURS","width":"4","type":"numeric"},{"name":"THURSDAY_HOURS","width":"4","type":"numeric"},{"name":"FRIDAY_HOURS","width":"4","type":"numeric"},{"name":"SATURDAY_HOURS","width":"4","type":"numeric"},{"name":"SUNDAY_HOURS","width":"4","type":"numeric"},{"name":"EMP_ID","width":"10","type":"INTEGER"},{"name":"SOW_ID","width":"50","type":"varchar"},{"name":"TIMESHEET_STATUS_ENTRY","width":"7984","type":"varchar"},{"name":"SUB_ASSIGNMENT","width":"200","type":"varchar"},{"name":"SUB_ASSIGNMENT_SEGMENT_1","width":"200","type":"varchar"},{"name":"SUB_ASSIGNMENT_SEGMENT_2","width":"200","type":"varchar"},{"name":"TICKET_NUM","width":"200","type":"varchar"},{"name":"TIMESHEET_ENTRY_ID","width":"10","type":"serial"}],"__METAINFO":{"name":"KASH_OPERATIONS_TIMESHEET_TABLE"}}