{"columns":[{"name":"INVOICE_ID","width":"10","type":"INTEGER"},{"name":"CREATED_BY","width":"10","type":"INTEGER"},{"name":"ATTENTION_TO","width":"10","type":"INTEGER"},{"name":"GRAND_TOTAL","width":"131089","type":"numeric"},{"name":"TAX_RATE","width":"131089","type":"numeric"},{"name":"CREATION_DATE","width":"13","type":"date"},{"name":"DUE_DATE","width":"13","type":"date"},{"name":"INVOICE_PERIOD_START","width":"13","type":"date"},{"name":"INVOICE_PERIOD_END","width":"13","type":"date"},{"name":"COMPANY_ID","width":"20","type":"varchar"},{"name":"INVOICE_NUM","width":"50","type":"varchar"},{"name":"INTERNAL_NOTES","width":"2147483647","type":"text"},{"name":"EXTERNAL_NOTES","width":"2147483647","type":"text"}],"__METAINFO":{"name":"KASH_OPERATIONS_INVOICE_TABLE"}}