{"columns":[{"name":"COMPANY_ID","width":"20","type":"varchar"},{"name":"COMPANY_NAME","width":"255","type":"varchar"},{"name":"COMPANY_LOCATION_CITY","width":"255","type":"varchar"},{"name":"COMPANY_LOCATION_STATE","width":"255","type":"varchar"},{"name":"COMPANY_LOCATION_COUNTRY","width":"255","type":"varchar"},{"name":"COMPANY_ADDRESS","width":"500","type":"varchar"},{"name":"COMPANY_ZIP_CODE","width":"15","type":"varchar"},{"name":"EXTERNAL_USERNAME","width":"100","type":"varchar"}],"__METAINFO":{"name":"KASH_OPERATIONS_COMPANY_TABLE"}}