{
  "__META_DATA": {
    "query.key": "timesheetHoursBilledRangeInvoice.data",
    "query.params": ["request.FromDate", "request.ToDate", "request.CompanyId"],
    "PK_COL_NAME_FOR_UPDATE": "EMP_ID",
    "FEEDBACK_COL_NAMES": "EMP_ID"
  },

  "__COLUMN_MAPPING": {
    "EMP_ID": "EmpId",
    "FULL_NAME": "FullName",
    "TOTAL_HOURS": "TotalHours",
    "SUB_ASSIGNMENT": "SubAssignment",
    "SUB_ASSIGNMENT_SEGMENT_1": "SubAssignmentSegment1",
    "COMPANY_NAME": "CompanyName",
    "PROJECT_CATEGORY": "ProjectCategory",
    "SOW_ID": "SowId",
    "COMPANY_ID": "CompanyId"
  }
}
