{
  "__META_DATA": {
    "query.key": "timesheetHoursBilledRange.data",
    "query.params": ["request.FromDate", "request.ToDate"],
    "PK_COL_NAME_FOR_UPDATE": "EMP_ID",
    "FEEDBACK_COL_NAMES": "EMP_ID"
  },

  "__COLUMN_MAPPING": {
    "EMP_ID": "EmpId",
    "FULL_NAME": "FullName",
    "NON_BILLABLE_REASON": "NonBillableReason",
    "TOTAL_HOURS": "TotalHours",
    "SUB_ASSIGNMENT": "SubAssignment",
    "SUB_ASSIGNMENT_SEGMENT_1": "SubAssignmentSegment1",
    "TICKET_NUM": "TicketNum",
    "ENTRY_STATUS": "EntryStatus",
    "COMPANY_NAME": "CompanyName",
    "PROJECT_DESCRIPTION": "ProjectDescription",
    "PROJECT_CATEGORY": "ProjectCategory",
    "SOW_ID": "SowId"
  }
}
