{
	"__META_DATA": {
		"query.key": "contact.data",
		"query.params": [],
		"PK_COL_NAME_FOR_UPDATE": "COMPANY_CONTACT_PHONE_NUMBER",
		"FEEDBACK_COL_NAMES" : "COMPANY_CONTACT_PHONE_NUMBER"
	},

	"__COLUMN_MAPPING": {
		"COMPANY_CONTACT_NAME"  :  "CompanyContactName",
		"COMPANY_CONTACT_PHONE_NUMBER"  :  "CompanyContactPhoneNumber",
		"COMPANY_CONTACT_EMAIL"  :  "CompanyContactEmail",
		"COMPANY_CONTACT_CITY"  :  "CompanyContactCity",
		"COMPANY_CONTACT_STATE"  :  "CompanyContactState",
		"COMPANY_CONTACT_COUNTRY"  :  "CompanyContactCountry",
		"COMPANY_ID"  :  "CompanyId",
		"COMPANY_PRIMARY_CONTACT"  :  "CompanyPrimaryContact",
		"ASSOCIATED_PROJECTS"  :  "AssociatedProjects",
	}
}