{
	"__META_DATA": {
		"query.key": "main.data",
		"query.params": [],
		"PK_COL_NAME_FOR_UPDATE": "SOW_ID",
		"FEEDBACK_COL_NAMES" : "EMP_ID,SOW_ID"
	},

	"__COLUMN_MAPPING": {
		"SOW_ID"  :  "SowId",
		"COMPANY_NAME"  :  "CompanyName",
		"COMPANY_ID"  :  "CompanyId",
		"PROJECT_CATEGORY"  :  "ProjectCategory",
		"ORIGINAL_START_DATE"  :  "OriginalStartDate",
		"ORIGINAL_END_DATE"  :  "OriginalEndDate",
		"TOTAL_PROJECTED_HOURS"  :  "TotalProjectedHours",
		"PROJECT_PRIMARY_CONTACT"  :  "ProjectPrimaryContact",
		"CURRENT_STATUS"  :  "CurrentStatus",
		"CLIENT_LOCATION"  :  "ClientLocation",
		"COMPANY_PRIMARY_CONTACT"  :  "CompanyPrimaryContact"
	}
}