{
  "__META_DATA": {
    "TABLE_NAME": "KASH_OPERATIONS_INVOICE_TABLE",
    "PK_COL_NAME_FOR_UPDATE": "INVOICE_ID",
    "FEEDBACK_COL_NAMES": "INVOICE_ID"
  },

  "__COLUMN_MAPPING": {
    "InvoiceId": "INVOICE_ID",
    "CreatedBy": "CREATED_BY",
    "AttentionTo": "ATTENTION_TO",
    "CompanyId": "COMPANY_ID",
    "GrandTotal": "GRAND_TOTAL",
    "TaxRate": "TAX_RATE",
    "CreationDate": "CREATION_DATE",
    "DueDate": "DUE_DATE",
    "InvoicePeriodStart": "INVOICE_PERIOD_START",
    "InvoicePeriodEnd": "INVOICE_PERIOD_END",
    "InvoiceNum": "INVOICE_NUM",
    "InternalNotes": "INTERNAL_NOTES",
    "ExternalNotes": "EXTERNAL_NOTES"
  }
}
