{
	"__META_DATA": {
		"TABLE_NAME": "KASH_OPERATIONS_USER_TABLE",
		"PK_COL_NAME_FOR_UPDATE": "EMP_ID",
		"FEEDBACK_COL_NAMES" : "EMP_ID"
	},

	"__COLUMN_MAPPING": {
		"EmpId"  :  "EMP_ID",
		"FirstName"  :  "FIRST_NAME",
		"LastName"  :  "LAST_NAME",
		"EmailAddress"  :  "EMAIL_ADDRESS",
		"PhoneNumber"  :  "PHONE_NUMBER",
		"EmpLocationCity"  :  "EMP_LOCATION_CITY",
		"EmpLocationState"  :  "EMP_LOCATION_STATE",
		"EmpLocationCountry"  :  "EMP_LOCATION_COUNTRY",
		"AdminLevel"  :  "ADMIN_LEVEL",
		"KashOperationsUsn"  :  "KASH_OPERATIONS_USN",
		"EmployeeAddress"  :  "EMPLOYEE_ADDRESS",
		"EmployeeZipCode"  :  "EMPLOYEE_ZIP_CODE",
		"EmployeeType"  :  "EMPLOYEE_TYPE",
		"EmployeeContractorName"  :  "EMPLOYEE_CONTRACTOR_NAME"
	}
}