{
	"__META_DATA": {
		"query.key": "projectsAndCompanyByCompanyAdminTable.data",
		"query.params": ["request.EmpId"],
		"PK_COL_NAME_FOR_UPDATE": "COMPANY_ID",
		"FEEDBACK_COL_NAMES" : "COMPANY_ID"
	},

	"__COLUMN_MAPPING": {
		"EMP_ID" : "EmpID",
		"SOW_ID"  :  "SowId",
		"COMPANY_ID"  :  "CompanyId",
		"PROJECT_CATEGORY"  :  "ProjectCategory",
		"ORIGINAL_START_DATE"  :  "OriginalStartDate",
		"ORIGINAL_END_DATE"  :  "OriginalEndDate",
		"TOTAL_PROJECTED_HOURS"  :  "TotalProjectedHours",
		"CURRENT_STATUS"  :  "CurrentStatus"
		"COMPANY_NAME"  :  "CompanyName",
		"COMPANY_LOCATION_CITY"  :  "CompanyLocationCity",
		"COMPANY_LOCATION_STATE"  :  "CompanyLocationState",
		"COMPANY_LOCATION_COUNTRY"  :  "CompanyLocationCountry",
		"COMPANY_ADDRESS"  :  "CompanyAddress",
		"COMPANY_ZIP_CODE"  :  "CompanyZipCode",
		"EXTERNAL_USERNAME"  :  "ExternalUsername",
		"PROJECT_SUB_TASK_ID"  :  "ProjectSubTaskId",
		"SUB_TASK_TITLE"  :  "SubTaskTitle",
		"SEGMENT_1"  :  "Segment1"
	}
}