{
  "__META_DATA": {
    "TABLE_NAME": "KASH_OPERATIONS_INVOICE_DETAIL_TABLE",
    "PK_COL_NAME_FOR_UPDATE": "INVOICE_DETAIL_ID",
    "FEEDBACK_COL_NAMES": "INVOICE_DETAIL_ID"
  },

  "__COLUMN_MAPPING": {
    "InvoiceDetailId": "INVOICE_DETAIL_ID",
    "InvoiceId": "INVOICE_ID",
    "SowId": "SOW_ID",
    "EmpId": "EMP_ID",
    "Rate": "RATE",
    "TotalHrs": "TOTAL_HRS",
    "Amount": "AMOUNT",
    "ResourceRole": "RESOURCE_ROLE",
    "SubAssignmentTitle": "SUB_ASSIGNMENT_TITLE",
    "SubAssignmentSegment1": "SUB_ASSIGNMENT_SEGMENT_1"
  }
}
