{
	"__META_DATA": {
		"query.key": "projectsAndSubProjects.data",
		"query.params": [],
		"PK_COL_NAME_FOR_UPDATE": "SOW_ID",
		"FEEDBACK_COL_NAMES" : "SOW_ID"
	},

	"__COLUMN_MAPPING": {
		"SOW_ID"  :  "SowId",
		"COMPANY_ID"  :  "CompanyId",
		"PROJECT_CATEGORY"  :  "ProjectCategory",
		"ORIGINAL_START_DATE"  :  "OriginalStartDate",
		"ORIGINAL_END_DATE"  :  "OriginalEndDate",
		"TOTAL_PROJECTED_HOURS"  :  "TotalProjectedHours",
		"CURRENT_STATUS"  :  "CurrentStatus",
		"PROJECT_SUB_TASK_ID"  :  "ProjectSubTaskId",
		"SUB_TASK_TITLE"  :  "SubTaskTitle",
		"SEGMENT_1"  :  "Segment1",
		"SEGMENT_2"  :  "Segment2",
		"SEGMENT_3"  :  "Segment3"
	}
}