{"columns":[{"name":"INVOICE_DETAIL_ID","width":"10","type":"INTEGER"},{"name":"INVOICE_ID","width":"10","type":"INTEGER"},{"name":"EMP_ID","width":"10","type":"INTEGER"},{"name":"RATE","width":"131089","type":"numeric"},{"name":"TOTAL_HRS","width":"131089","type":"numeric"},{"name":"AMOUNT","width":"131089","type":"numeric"},{"name":"SOW_ID","width":"20","type":"varchar"},{"name":"RESOURCE_ROLE","width":"255","type":"varchar"},{"name":"SUB_ASSIGNMENT_TITLE","width":"255","type":"varchar"},{"name":"SUB_ASSIGNMENT_SEGMENT_1","width":"255","type":"varchar"}],"__METAINFO":{"name":"KASH_OPERATIONS_INVOICE_DETAIL_TABLE"}}