{"columns":[{"name":"EMP_ID","width":"10","type":"INTEGER"},{"name":"FIRST_NAME","width":"255","type":"varchar"},{"name":"LAST_NAME","width":"255","type":"varchar"},{"name":"EMAIL_ADDRESS","width":"255","type":"varchar"},{"name":"PHONE_NUMBER","width":"20","type":"varchar"},{"name":"EMP_LOCATION_CITY","width":"255","type":"varchar"},{"name":"EMP_LOCATION_STATE","width":"255","type":"varchar"},{"name":"EMP_LOCATION_COUNTRY","width":"255","type":"varchar"},{"name":"KASH_OPERATIONS_EMP_ID","width":"10","type":"INTEGER"},{"name":"WF_INTERNAL_USN","width":"255","type":"varchar"},{"name":"EMPLOYEE_ADDRESS","width":"500","type":"varchar"},{"name":"EMPLOYEE_ZIP_CODE","width":"15","type":"varchar"},{"name":"EMPLOYEE_TYPE","width":"30","type":"varchar"},{"name":"EMPLOYEE_CONTRACTOR_NAME","width":"50","type":"varchar"}],"__METAINFO":{"name":"KASH_OPERATIONS_EMPLOYEE_TABLE"}}