{"columns":[{"name":"COMPANY_CONTACT_NAME","width":"255","type":"varchar"},{"name":"COMPANY_CONTACT_PHONE_NUMBER","width":"20","type":"varchar"},{"name":"COMPANY_CONTACT_EMAIL","width":"255","type":"varchar"},{"name":"COMPANY_CONTACT_CITY","width":"255","type":"varchar"},{"name":"COMPANY_CONTACT_STATE","width":"255","type":"varchar"},{"name":"COMPANY_CONTACT_COUNTRY","width":"255","type":"varchar"},{"name":"COMPANY_ID","width":"50","type":"varchar"},{"name":"COMPANY_PRIMARY_CONTACT","width":"200","type":"varchar"},{"name":"ASSOCIATED_PROJECTS","width":"200","type":"varchar"}],"__METAINFO":{"name":"KASH_OPERATIONS_COMPANY_CONTACT_TABLE"}}