{
	"__META_DATA": {
		"query.key": "timesheetsByCompanyAdminTable.data",
		"query.params": ["request.EmpId","request.EmpId"],
		"PK_COL_NAME_FOR_UPDATE": "TIMESHEET_ENTRY_ID",
		"FEEDBACK_COL_NAMES" : "TIMESHEET_ENTRY_ID"
	},

	"__COLUMN_MAPPING": {
		"TIMESHEET_ENTRY_ID" : "TimesheetEntryId",
		"PERIOD_START_DATE"  :  "PeriodStartDate",
		"MONDAY_HOURS"  :  "MondayHours",
		"TUESDAY_HOURS"  :  "TuesdayHours",
		"WEDNESDAY_HOURS"  :  "WednesdayHours",
		"THURSDAY_HOURS"  :  "ThursdayHours",
		"FRIDAY_HOURS"  :  "FridayHours",
		"SATURDAY_HOURS"  :  "SaturdayHours",
		"SUNDAY_HOURS"  :  "SundayHours",
		"FULL_NAME"  :  "FullName",
		"SUB_ASSIGNMENT"  :  "SubAssignment",
		"SUB_ASSIGNMENT_SEGMENT_1"  :  "SubAssignmentSegment1",
		"TICKET_NUM"  :  "TicketNum",
		"COMPANY_NAME"  :  "CompanyName",
		"PROJECT_CATEGORY" : "ProjectCategory"
	}
}