{
	"__META_DATA": {
		"query.key": "allTimesheetsEntryDateCompanyProject.data",
		"query.params": [],
		"PK_COL_NAME_FOR_UPDATE": "TIMESHEET_ENTRY_ID",
		"FEEDBACK_COL_NAMES" : "TIMESHEET_ENTRY_ID"
	},

	"__COLUMN_MAPPING": {
		"ENTRY_DATE" : "EntryDate",
		"EMP_ID" : "EmpId",
		"SOW_ID" : "SowId",
		"TICKET_NUM" : "TicketNum",
		"BILLABLE" : "Billable",
		"NON_BILLABLE_REASON" : "NonBillableReason",
		"TIMESHEET_STATUS_ENTRY" : "TimesheetStatusEntry",
		"SUB_ASSIGNMENT" : "SubAssignment",
		"SUB_ASSIGNMENT_SEGMENT_1" : "SubAssignmentSegment1",
		"SUB_ASSIGNMENT_SEGMENT_2" : "SubAssignmentSegment2",
		"TIMESHEET_ENTRY_ID" : "TimesheetEntryId",
		"TASK_HOURS" : "TaskHours",
		"PROJECT_CATEGORY" : "ProjectCategory",
		"ORIGINAL_START_DATE" : "OriginalStartDate",
		"ORIGINAL_END_DATE" : "OriginalEndDate",
		"TOTAL_PROJECTED_HOURS" : "TotalProjectedHours",
		"CURRENT_STATUS" : "CurrentStatus",
		"COMPANY_ID" : "CompanyId",
		"COMPANY_NAME" : "CompanyName"
	}
}