{
	"__META_DATA": {
		"TABLE_NAME": "KASH_OPERATIONS_COMPANY_CONTACT_TABLE",
		"PK_COL_NAME_FOR_UPDATE": "COMPANY_CONTACT_PHONE_NUMBER",
		"FEEDBACK_COL_NAMES" : "COMPANY_CONTACT_PHONE_NUMBER"
	},

	"__COLUMN_MAPPING": {
		"CompanyContactName"  :  "COMPANY_CONTACT_NAME",
		"CompanyContactPhoneNumber"  :  "COMPANY_CONTACT_PHONE_NUMBER",
		"CompanyContactEmail"  :  "COMPANY_CONTACT_EMAIL",
		"CompanyContactCity"  :  "COMPANY_CONTACT_CITY",
		"CompanyContactState"  :  "COMPANY_CONTACT_STATE",
		"CompanyContactCountry"  :  "COMPANY_CONTACT_COUNTRY",
		"CompanyId"  :  "COMPANY_ID",
		"CompanyPrimaryContact"  :  "COMPANY_PRIMARY_CONTACT",
		"AssociatedProjects"  :  "ASSOCIATED_PROJECTS"
	}
}