{
	"__META_DATA": {
		"query.key": "company.data",
		"query.params": [],
		"PK_COL_NAME_FOR_UPDATE": "COMPANY_ID",
		"FEEDBACK_COL_NAMES" : "COMPANY_ID"
	},

	"__COLUMN_MAPPING": {
		"COMPANY_ID"  :  "CompanyId",
		"COMPANY_NAME"  :  "CompanyName",
		"COMPANY_LOCATION_CITY"  :  "CompanyLocationCity",
		"COMPANY_LOCATION_STATE"  :  "CompanyLocationState",
		"COMPANY_LOCATION_COUNTRY"  :  "CompanyLocationCountry",
		"COMPANY_ADDRESS"  :  "CompanyAddress",
		"COMPANY_ZIP_CODE"  :  "CompanyZipCode",
		"EXTERNAL_USERNAME"  :  "ExternalUsername"
	}
}