{
	"__META_DATA": {
		"query.key": "timesheet.data",
		"query.params": [],
		"PK_COL_NAME_FOR_UPDATE": "",
		"FEEDBACK_COL_NAMES" : "EMP_ID,SOW_ID,PERIOD_START_DATE"
	},

	"__COLUMN_MAPPING": {
		"TIMESHEET_ENTRY_ID" : "TimesheetEntryId",
		"PERIOD_START_DATE"  :  "PeriodStartDate",
		"BILLABLE"  :  "Billable",
		"NON_BILLABLE_REASON"  :  "NonBillableReason",
		"MONDAY_HOURS"  :  "MondayHours",
		"TUESDAY_HOURS"  :  "TuesdayHours",
		"WEDNESDAY_HOURS"  :  "WednesdayHours",
		"THURSDAY_HOURS"  :  "ThursdayHours",
		"FRIDAY_HOURS"  :  "FridayHours",
		"SATURDAY_HOURS"  :  "SaturdayHours",
		"SUNDAY_HOURS"  :  "SundayHours",
		"EMP_ID"  :  "EmpId",
		"SOW_ID"  :  "SowId",
		"TIMESHEET_STATUS_ENTRY"  :  "TimesheetStatusEntry",
		"SUB_ASSIGNMENT"  :  "SubAssignment",
		"SUB_ASSIGNMENT_SEGMENT_1"  :  "SubAssignmentSegment1",
		"SUB_ASSIGNMENT_SEGMENT_2"  :  "SubAssignmentSegment2",
		"TICKET_NUM"  :  "TicketNum"
	}
}