{
	"__META_DATA": {
		"TABLE_NAME": "KASH_OPERATIONS_TIMESHEET_TABLE",
		"PK_COL_NAME_FOR_UPDATE": "EMP_ID,SOW_ID,PERIOD_START_DATE,TICKET_NUM",
		"FEEDBACK_COL_NAMES" : "EMP_ID,SOW_ID,PERIOD_START_DATE"
	},

	"__COLUMN_MAPPING": {
		"PeriodStartDate"  :  "PERIOD_START_DATE",
		"Billable"  :  "BILLABLE",
		"NonBillableReason"  :  "NON_BILLABLE_REASON",
		"MondayHours"  :  "MONDAY_HOURS",
		"TuesdayHours"  :  "TUESDAY_HOURS",
		"WednesdayHours"  :  "WEDNESDAY_HOURS",
		"ThursdayHours"  :  "THURSDAY_HOURS",
		"FridayHours"  :  "FRIDAY_HOURS",
		"SaturdayHours"  :  "SATURDAY_HOURS",
		"SundayHours"  :  "SUNDAY_HOURS",
		"EmpId"  :  "EMP_ID",
		"SowId"  :  "SOW_ID",
		"TimesheetStatusEntry"  :  "TIMESHEET_STATUS_ENTRY",
		"SubAssignment"  :  "SUB_ASSIGNMENT",
		"SubAssignmentSegment1"  :  "SUB_ASSIGNMENT_SEGMENT_1",
		"SubAssignmentSegment2"  :  "SUB_ASSIGNMENT_SEGMENT_2",
		"TicketNum"  :  "TICKET_NUM"
	}
}