{
	"__META_DATA": {
		"query.key": "timesheetsEntryDateDetailed.data",
		"query.params": [],
		"PK_COL_NAME_FOR_UPDATE": "TIMESHEET_ENTRY_ID",
		"FEEDBACK_COL_NAMES" : "TIMESHEET_ENTRY_ID"
	},

	"__COLUMN_MAPPING": {
		"ENTRY_DATE" : "EntryDate",
		"EMP_ID" : "EmpId",
		"SOW_ID" : "SowId",
		"TICKET_NUM" : "TicketNum",
		"BILLABLE" : "Billable",
		"NON_BILLABLE_REASON" : "NonBillableReason",
		"TIMESHEET_STATUS_ENTRY" : "TimesheetStatusEntry",
		"SUB_ASSIGNMENT" : "SubAssignment",
		"SUB_ASSIGNMENT_SEGMENT_1" : "SubAssignmentSegment1",
		"SUB_ASSIGNMENT_SEGMENT_2" : "SubAssignmentSegment2",
		"TIMESHEET_ENTRY_ID" : "TimesheetEntryId",
		"TASK_HOURS" : "TaskHours"
	}
}