{
	"__META_DATA": {
		"query.key": "companyAdminUserCompanyDetails.data",
		"query.params": [],
		"PK_COL_NAME_FOR_UPDATE": "EMP_ID",
		"FEEDBACK_COL_NAMES" : "EMP_ID"
	},

	"__COLUMN_MAPPING": {
		"KASH_OPERATIONS_USN"  :  "KashOperationsUsn",
		"EMP_ID"  :  "EmpId",
		"COMPANY_ID"  :  "CompanyId",
		"FIRST_NAME" : "FirstName",
		"LAST_NAME" : "LastName",
		"COMPANY_NAME" : "CompanyName",
		"EMPLOYEE_TYPE" : "EmployeeType",
		"ADMIN_LEVEL" : "AdminLevel",
		"EMAIL_ADDRESS" : "EmailAddress",
		"PHONE_NUMBER" : "PhoneNumber",
		"EMP_LOCATION_CITY" : "EmpLocationCity",
		"EMP_LOCATION_STATE" : "EmpLocationState",
		"EMP_LOCATION_COUNTRY" : "EmpLocationCountry",	
		"EMPLOYEE_CONTRACTOR_NAME" : "EmployeeContractorName"
	}
}