{
	"__META_DATA": {
		"query.key": "hoursBilledAndProjectedByCompanyProject.data",
		"query.params": [],
		"PK_COL_NAME_FOR_UPDATE": "SOW_ID",
		"FEEDBACK_COL_NAMES" : "SOW_ID"
	},

	"__COLUMN_MAPPING": {
		"SOW_ID"  :  "SowId",
		"TOTAL_BILLED_HOURS"  :  "TotalBilledHours",
		"PROJECT_CATEGORY" : "ProjectCategory",
		"COMPANY_NAME" : "CompanyName",
		"TOTAL_PROJECTED_HOURS" : "TotalProjectedHours",
		"COMPANY_ID" : "CompanyId",
		"CURRENT_STATUS" : "CurrentStatus",
		"ORIGINAL_START_DATE" : "OriginalStartDate",
		"ORIGINAL_END_DATE" : "OriginalEndDate"
	}
}