{
	"__META_DATA": {
		"query.key": "projectsSubCategoryCompanyByCompanyAdmin.data",
		"query.params": ["request.EmpId"],
		"PK_COL_NAME_FOR_UPDATE": "SOW_ID",
		"FEEDBACK_COL_NAMES" : "SOW_ID"
	},

	"__COLUMN_MAPPING": {
		"SOW_ID"  :  "SowId",
		"COMPANY_ID"  :  "CompanyId",
		"COMPANY_NAME" : "CompanyName",
		"EMP_ID" : "EmpId",
		"PROJECT_CATEGORY"  :  "ProjectCategory",
		"ORIGINAL_START_DATE"  :  "OriginalStartDate",
		"ORIGINAL_END_DATE"  :  "OriginalEndDate",
		"TOTAL_PROJECTED_HOURS"  :  "TotalProjectedHours",
		"CURRENT_STATUS"  :  "CurrentStatus",
		"PROJECT_SUB_TASK_ID"  :  "ProjectSubTaskId",
		"SUB_TASK_TITLE"  :  "SubTaskTitle",
		"SEGMENT_1"  :  "Segment1",
	}
}