{
  "__META_DATA": {
    "query.key": "users.data",
    "query.params": [],
    "PK_COL_NAME_FOR_UPDATE": "EMP_ID",
    "FEEDBACK_COL_NAMES": "EMP_ID"
  },

  "__COLUMN_MAPPING": {
    "EMP_ID": "EmpId",
    "FIRST_NAME": "FirstName",
    "LAST_NAME": "LastName",
    "EMAIL_ADDRESS": "EmailAddress",
    "PHONE_NUMBER": "PhoneNumber",
    "EMP_LOCATION_CITY": "EmpLocationCity",
    "EMP_LOCATION_STATE": "EmpLocationState",
    "EMP_LOCATION_COUNTRY": "EmpLocationCountry",
    "KASH_OPERATIONS_USN": "KashOperationsUsn",
    "EMPLOYEE_ADDRESS": "EmployeeAddress",
    "EMPLOYEE_ZIP_CODE": "EmployeeZipCode",
    "EMPLOYEE_TYPE": "EmployeeType",
    "ADMIN_LEVEL": "AdminLevel",
    "EMPLOYEE_CONTRACTOR_NAME": "EmployeeContractorName"
  }
}
